"First Name","Last Name","Age","Experience (Years)"
"Jenna","Nelson","28","10"
"Violet","Mitchell","21","2"
"Luke","Gibson","26","0"
"Alisa","Nelson","24","3"
"Ashton","Wilson","18","5"
"Stuart","Cole","24","8"
"Alissa","Gray","19","0"
"Samantha","Miller","23","5"
"Miley","Harrison","18","5"
"Roman","Perry","27","6"
"Adele","Mason","28","14"
"Ada","Elliott","26","8"
"Charlotte","Moore","29","14"
"Cherry","Tucker","30","6"
"Lucas","Ryan","20","0"
"Olivia","Grant","21","1"
"Anna","Martin","24","7"
"Owen","Armstrong","28","13"
"Oliver","Smith","30","8"
"Harold","Ellis","27","13"
"Dale","Scott","25","6"
"Edward","Richards","30","12"
"Tara","Cooper","21","9"
"Aida","Perkins","25","11"
"Aiden","Henderson","21","5"
"Jasmine","Thompson","22","10"
"Elise","Phillips","19","3"
"Anna","Riley","19","7"
"Justin","Gray","18","5"
"Melissa","Barnes","23","2"
"Aiden","Wells","19","7"
"Michael","Harris","20","2"
"Audrey","Turner","25","11"
"Alina","Craig","20","10"
"Victor","Payne","24","12"
"Brianna","Allen","22","8"
"Ryan","Cole","23","8"
"Elise","Hawkins","26","0"
"Valeria","Payne","21","5"
"Hailey","Russell","27","3"
"Arthur","Watson","28","6"
"Bruce","Roberts","30","12"
"Daniel","Brooks","24","2"
"Dominik","Carroll","26","4"
"Aida","Henderson","23","7"
"Marcus","Douglas","25","12"
"Kristian","Russell","26","7"
"Adelaide","Adams","20","3"
"Madaline","Parker","26","0"
"Maximilian","Taylor","30","10"
"Nicholas","Myers","21","6"
"Joyce","Gray","18","1"
"Ted","Morgan","18","3"
"Rubie","Ellis","21","10"
"Alina","Alexander","23","2"
"Hailey","Murphy","22","6"
"Adam","Thompson","24","1"
"Alberta","Bennett","24","9"
"Deanna","Robinson","22","8"
"Valeria","Davis","26","9"
"Roland","Farrell","23","11"
"Oscar","Parker","24","3"
"Adison","Spencer","23","2"
"Alisa","Harris","19","5"
"David","Grant","23","4"
"Spike","Allen","26","12"
"Adrianna","Montgomery","21","3"
"Michelle","Brown","22","2"
"Maximilian","Cooper","30","7"
"Caroline","Scott","30","15"
"Rubie","Stewart","22","0"
"Paige","Harrison","28","2"
"Miranda","Thompson","27","10"
"Adison","Davis","29","10"
"Carlos","Miller","30","11"
"Adam","Clark","21","9"
"Aston","Perry","22","2"
"Chloe","Warren","25","5"
"Dexter","Carter","21","7"
"Lucia","Stewart","21","8"
"Byron","Smith","21","6"
"Amber","Watson","29","3"
"Belinda","Chapman","29","1"
"Elise","Armstrong","19","5"
"Leonardo","Roberts","18","3"
"Vanessa","Ross","29","7"
"Alan","Howard","27","2"
"Melanie","Thompson","25","7"
"Annabella","Hamilton","18","3"
"Victor","Barnes","27","11"
"Bruce","Morgan","28","3"
"Amanda","Adams","30","2"
"Amber","Ryan","24","6"
"Rafael","Richards","28","1"
"Ellia","Hunt","24","7"
"Miller","Warren","20","3"
"Ryan","Foster","19","8"
"Steven","Williams","26","6"
"Camila","Sullivan","30","4"
"Dominik","Johnson","21","3"
